{
  "model_version": 7,
  "created_at": "2026-07-06T06:32:59+00:00",
  "dataset_sha256": "1bf5c90c71fb1cbef9288926c7873b4b11b0948cd4741dcf58d928c7f6318b9e",
  "profile": "balanced",
  "hash_size": 8192,
  "hidden1": 52,
  "hidden2": 22,
  "intent_count": 51,
  "example_count": 429,
  "training_examples": 378,
  "validation_examples": 51,
  "parameter_count": 428375,
  "epochs_completed": 50,
  "train_loss": 0.09960207691760926,
  "train_accuracy": 1.0,
  "validation_loss": 2.5785656204764336,
  "validation_accuracy": 0.49019607843137253,
  "training_seconds": 28.143212733000155
}
