{
  "model_version": 7,
  "created_at": "2026-07-06T04:45:59+00:00",
  "dataset_sha256": "1bf5c90c71fb1cbef9288926c7873b4b11b0948cd4741dcf58d928c7f6318b9e",
  "profile": "max",
  "hash_size": 24576,
  "hidden1": 72,
  "hidden2": 34,
  "intent_count": 51,
  "example_count": 429,
  "training_examples": 378,
  "validation_examples": 51,
  "parameter_count": 1773811,
  "epochs_completed": 46,
  "train_loss": 0.05863766532861186,
  "train_accuracy": 1.0,
  "validation_loss": 2.1556826160503517,
  "validation_accuracy": 0.5294117647058824,
  "training_seconds": 32.030516877000025
}
