{
  "model_version": 7,
  "created_at": "2026-07-06T07:46:01+00:00",
  "dataset_sha256": "1bf5c90c71fb1cbef9288926c7873b4b11b0948cd4741dcf58d928c7f6318b9e",
  "profile": "micro",
  "hash_size": 2048,
  "hidden1": 28,
  "hidden2": 12,
  "intent_count": 51,
  "example_count": 429,
  "training_examples": 378,
  "validation_examples": 51,
  "parameter_count": 58383,
  "epochs_completed": 50,
  "train_loss": 0.0904354062046128,
  "train_accuracy": 1.0,
  "validation_loss": 2.7959546444335515,
  "validation_accuracy": 0.43137254901960786,
  "training_seconds": 12.781494472000304
}
