{
  "model_version": 7,
  "created_at": "2026-07-06T07:50:30+00:00",
  "dataset_sha256": "1bf5c90c71fb1cbef9288926c7873b4b11b0948cd4741dcf58d928c7f6318b9e",
  "profile": "standard",
  "hash_size": 12288,
  "hidden1": 60,
  "hidden2": 26,
  "intent_count": 51,
  "example_count": 429,
  "training_examples": 378,
  "validation_examples": 51,
  "parameter_count": 740303,
  "epochs_completed": 14,
  "train_loss": 0.12734696348925137,
  "train_accuracy": 1.0,
  "validation_loss": 2.217215601940972,
  "validation_accuracy": 0.49019607843137253,
  "training_seconds": 10.309566941999947,
  "continued_training_epochs": 14,
  "epochs_completed_total": 32
}
