{
  "model_version": 7,
  "created_at": "2026-07-06T07:44:35+00:00",
  "dataset_sha256": "1bf5c90c71fb1cbef9288926c7873b4b11b0948cd4741dcf58d928c7f6318b9e",
  "profile": "lite",
  "hash_size": 4096,
  "hidden1": 40,
  "hidden2": 16,
  "intent_count": 51,
  "example_count": 429,
  "training_examples": 378,
  "validation_examples": 51,
  "parameter_count": 165403,
  "epochs_completed": 42,
  "train_loss": 0.4917421293631394,
  "train_accuracy": 0.9814814814814815,
  "validation_loss": 2.3968639497111965,
  "validation_accuracy": 0.43137254901960786,
  "training_seconds": 16.163275281000097
}
